,MSE,RMSE,MAE,R2
Prophet,8154.4268,90.3019,60.1522,0.007
ARIMA,8227.7986,90.7072,53.2424,-0.002
LSTM,5592.7324,74.7846,38.2192,0.3189
Transformer,5423.30224609375,73.64307330695637,39.78444290161133,0.34412866830825806
